"AssetName_s",T,"AssetName_s1","Tag_s",TimeGenerated
"SQLPROD-1","2019-07-01T16:59:02.612Z","SQLPROD-1",test,"2019-07-01T16:59:02.612Z"
"SQLPROD-10","2019-07-01T16:59:02.612Z","SQLPROD-10",production,"2019-07-01T16:59:02.612Z"
"SQLPROD-100","2019-07-01T16:59:02.612Z","SQLPROD-100",production,"2019-07-01T16:59:02.612Z"
"SQLPROD-101","2019-07-01T16:59:02.612Z","SQLPROD-101",production,"2019-07-01T16:59:02.612Z"
"SQLPROD-102","2019-07-01T16:59:02.612Z","SQLPROD-102",production,"2019-07-01T16:59:02.612Z"
"SQLPROD-103","2019-07-01T16:59:02.612Z","SQLPROD-103",production,"2019-07-01T16:59:02.612Z"
"SQLPROD-104","2019-07-01T16:59:02.612Z","SQLPROD-104",production,"2019-07-01T16:59:02.612Z"
"SQLPROD-105","2019-07-01T16:59:02.612Z","SQLPROD-105",production,"2019-07-01T16:59:02.612Z"
"SQLPROD-106","2019-07-01T16:59:02.612Z","SQLPROD-106",production,"2019-07-01T16:59:02.612Z"
"SQLPROD-107","2019-07-01T16:59:02.612Z","SQLPROD-107",production,"2019-07-01T16:59:02.612Z"
"SQLPROD-108","2019-07-01T16:59:02.612Z","SQLPROD-108",production,"2019-07-01T16:59:02.612Z"
"SQLPROD-109","2019-07-01T16:59:02.612Z","SQLPROD-109",production,"2019-07-01T16:59:02.612Z"
"SQLPROD-11","2019-07-01T16:59:02.612Z","SQLPROD-11",production,"2019-07-01T16:59:02.612Z"
"SQLPROD-110","2019-07-01T16:59:02.612Z","SQLPROD-110",production,"2019-07-01T16:59:02.612Z"
"SQLPROD-111","2019-07-01T16:59:02.612Z","SQLPROD-111",production,"2019-07-01T16:59:02.612Z"
"SQLPROD-112","2019-07-01T16:59:02.612Z","SQLPROD-112",production,"2019-07-01T16:59:02.612Z"
"SQLPROD-113","2019-07-01T16:59:02.612Z","SQLPROD-113",production,"2019-07-01T16:59:02.612Z"
"SQLPROD-114","2019-07-01T16:59:02.612Z","SQLPROD-114",production,"2019-07-01T16:59:02.612Z"
"SQLPROD-115","2019-07-01T16:59:02.612Z","SQLPROD-115",production,"2019-07-01T16:59:02.612Z"
"SQLPROD-116","2019-07-01T16:59:02.612Z","SQLPROD-116",production,"2019-07-01T16:59:02.612Z"
"SQLPROD-117","2019-07-01T16:59:02.612Z","SQLPROD-117",production,"2019-07-01T16:59:02.612Z"
"SQLPROD-118","2019-07-01T16:59:02.612Z","SQLPROD-118",production,"2019-07-01T16:59:02.612Z"
"SQLPROD-119","2019-07-01T16:59:02.612Z","SQLPROD-119",production,"2019-07-01T16:59:02.612Z"
"SQLPROD-12","2019-07-01T16:59:02.612Z","SQLPROD-12",production,"2019-07-01T16:59:02.612Z"
"SQLPROD-120","2019-07-01T16:59:02.612Z","SQLPROD-120",production,"2019-07-01T16:59:02.612Z"
"SQLPROD-121","2019-07-01T16:59:02.612Z","SQLPROD-121",production,"2019-07-01T16:59:02.612Z"
"SQLPROD-122","2019-07-01T16:59:02.612Z","SQLPROD-122",production,"2019-07-01T16:59:02.612Z"
"SQLPROD-123","2019-07-01T16:59:02.612Z","SQLPROD-123",production,"2019-07-01T16:59:02.612Z"
"SQLPROD-124","2019-07-01T16:59:02.612Z","SQLPROD-124",production,"2019-07-01T16:59:02.612Z"
"SQLPROD-125","2019-07-01T16:59:02.612Z","SQLPROD-125",production,"2019-07-01T16:59:02.612Z"
"SQLPROD-126","2019-07-01T16:59:02.612Z","SQLPROD-126",production,"2019-07-01T16:59:02.612Z"
"SQLPROD-127","2019-07-01T16:59:02.612Z","SQLPROD-127",production,"2019-07-01T16:59:02.612Z"
"SQLPROD-128","2019-07-01T16:59:02.612Z","SQLPROD-128",production,"2019-07-01T16:59:02.612Z"
"SQLPROD-129","2019-07-01T16:59:02.612Z","SQLPROD-129",production,"2019-07-01T16:59:02.612Z"
"SQLPROD-13","2019-07-01T16:59:02.612Z","SQLPROD-13",production,"2019-07-01T16:59:02.612Z"
"SQLPROD-130","2019-07-01T16:59:02.612Z","SQLPROD-130",production,"2019-07-01T16:59:02.612Z"
"SQLPROD-131","2019-07-01T16:59:02.612Z","SQLPROD-131",production,"2019-07-01T16:59:02.612Z"
"SQLPROD-132","2019-07-01T16:59:02.612Z","SQLPROD-132",production,"2019-07-01T16:59:02.612Z"
"SQLPROD-133","2019-07-01T16:59:02.612Z","SQLPROD-133",production,"2019-07-01T16:59:02.612Z"
"SQLPROD-134","2019-07-01T16:59:02.612Z","SQLPROD-134",production,"2019-07-01T16:59:02.612Z"
"SQLPROD-135","2019-07-01T16:59:02.612Z","SQLPROD-135",production,"2019-07-01T16:59:02.612Z"
"SQLPROD-136","2019-07-01T16:59:02.612Z","SQLPROD-136",production,"2019-07-01T16:59:02.612Z"
"SQLPROD-137","2019-07-01T16:59:02.612Z","SQLPROD-137",production,"2019-07-01T16:59:02.612Z"
"SQLPROD-138","2019-07-01T16:59:02.612Z","SQLPROD-138",production,"2019-07-01T16:59:02.612Z"
"SQLPROD-139","2019-07-01T16:59:02.612Z","SQLPROD-139",production,"2019-07-01T16:59:02.612Z"
"SQLPROD-14","2019-07-01T16:59:02.612Z","SQLPROD-14",production,"2019-07-01T16:59:02.612Z"
"SQLPROD-140","2019-07-01T16:59:02.612Z","SQLPROD-140",production,"2019-07-01T16:59:02.612Z"
"SQLPROD-141","2019-07-01T16:59:02.612Z","SQLPROD-141",production,"2019-07-01T16:59:02.612Z"
"SQLPROD-142","2019-07-01T16:59:02.612Z","SQLPROD-142",production,"2019-07-01T16:59:02.612Z"
"SQLPROD-143","2019-07-01T16:59:02.612Z","SQLPROD-143",production,"2019-07-01T16:59:02.612Z"
"SQLPROD-144","2019-07-01T16:59:02.612Z","SQLPROD-144",production,"2019-07-01T16:59:02.612Z"
"SQLPROD-145","2019-07-01T16:59:02.612Z","SQLPROD-145",production,"2019-07-01T16:59:02.612Z"
"SQLPROD-146","2019-07-01T16:59:02.612Z","SQLPROD-146",production,"2019-07-01T16:59:02.612Z"
"SQLPROD-147","2019-07-01T16:59:02.612Z","SQLPROD-147",production,"2019-07-01T16:59:02.612Z"
"SQLPROD-148","2019-07-01T16:59:02.612Z","SQLPROD-148",production,"2019-07-01T16:59:02.612Z"
"SQLPROD-149","2019-07-01T16:59:02.612Z","SQLPROD-149",production,"2019-07-01T16:59:02.612Z"
"SQLPROD-15","2019-07-01T16:59:02.612Z","SQLPROD-15",production,"2019-07-01T16:59:02.612Z"
"SQLPROD-150","2019-07-01T16:59:02.612Z","SQLPROD-150",production,"2019-07-01T16:59:02.612Z"
"SQLPROD-151","2019-07-01T16:59:02.612Z","SQLPROD-151",production,"2019-07-01T16:59:02.612Z"
"SQLPROD-152","2019-07-01T16:59:02.612Z","SQLPROD-152",production,"2019-07-01T16:59:02.612Z"
"SQLPROD-153","2019-07-01T16:59:02.612Z","SQLPROD-153",production,"2019-07-01T16:59:02.612Z"
"SQLPROD-154","2019-07-01T16:59:02.612Z","SQLPROD-154",production,"2019-07-01T16:59:02.612Z"
"SQLPROD-155","2019-07-01T16:59:02.612Z","SQLPROD-155",production,"2019-07-01T16:59:02.612Z"
"SQLPROD-156","2019-07-01T16:59:02.612Z","SQLPROD-156",production,"2019-07-01T16:59:02.612Z"
"SQLPROD-157","2019-07-01T16:59:02.612Z","SQLPROD-157",production,"2019-07-01T16:59:02.612Z"
"SQLPROD-158","2019-07-01T16:59:02.612Z","SQLPROD-158",production,"2019-07-01T16:59:02.612Z"
"SQLPROD-159","2019-07-01T16:59:02.612Z","SQLPROD-159",production,"2019-07-01T16:59:02.612Z"
"SQLPROD-16","2019-07-01T16:59:02.612Z","SQLPROD-16",production,"2019-07-01T16:59:02.612Z"
"SQLPROD-160","2019-07-01T16:59:02.612Z","SQLPROD-160",production,"2019-07-01T16:59:02.612Z"
"SQLPROD-161","2019-07-01T16:59:02.612Z","SQLPROD-161",production,"2019-07-01T16:59:02.612Z"
"SQLPROD-162","2019-07-01T16:59:02.612Z","SQLPROD-162",production,"2019-07-01T16:59:02.612Z"
"SQLPROD-163","2019-07-01T16:59:02.612Z","SQLPROD-163",production,"2019-07-01T16:59:02.612Z"
"SQLPROD-164","2019-07-01T16:59:02.612Z","SQLPROD-164",production,"2019-07-01T16:59:02.612Z"
"SQLPROD-165","2019-07-01T16:59:02.612Z","SQLPROD-165",production,"2019-07-01T16:59:02.612Z"
"SQLPROD-166","2019-07-01T16:59:02.612Z","SQLPROD-166",production,"2019-07-01T16:59:02.612Z"
"SQLPROD-167","2019-07-01T16:59:02.612Z","SQLPROD-167",production,"2019-07-01T16:59:02.612Z"
"SQLPROD-168","2019-07-01T16:59:02.612Z","SQLPROD-168",production,"2019-07-01T16:59:02.612Z"
"SQLPROD-169","2019-07-01T16:59:02.612Z","SQLPROD-169",production,"2019-07-01T16:59:02.612Z"
"SQLPROD-17","2019-07-01T16:59:02.612Z","SQLPROD-17",production,"2019-07-01T16:59:02.612Z"
"SQLPROD-170","2019-07-01T16:59:02.612Z","SQLPROD-170",production,"2019-07-01T16:59:02.612Z"
"SQLPROD-171","2019-07-01T16:59:02.612Z","SQLPROD-171",production,"2019-07-01T16:59:02.612Z"
"SQLPROD-172","2019-07-01T16:59:02.612Z","SQLPROD-172",production,"2019-07-01T16:59:02.612Z"
"SQLPROD-173","2019-07-01T16:59:02.612Z","SQLPROD-173",production,"2019-07-01T16:59:02.612Z"
"SQLPROD-174","2019-07-01T16:59:02.612Z","SQLPROD-174",production,"2019-07-01T16:59:02.612Z"
"SQLPROD-175","2019-07-01T16:59:02.612Z","SQLPROD-175",production,"2019-07-01T16:59:02.612Z"
"SQLPROD-176","2019-07-01T16:59:02.612Z","SQLPROD-176",production,"2019-07-01T16:59:02.612Z"
"SQLPROD-177","2019-07-01T16:59:02.612Z","SQLPROD-177",production,"2019-07-01T16:59:02.612Z"
"SQLPROD-178","2019-07-01T16:59:02.612Z","SQLPROD-178",production,"2019-07-01T16:59:02.612Z"
"SQLPROD-179","2019-07-01T16:59:02.612Z","SQLPROD-179",production,"2019-07-01T16:59:02.612Z"
"SQLPROD-18","2019-07-01T16:59:02.612Z","SQLPROD-18",production,"2019-07-01T16:59:02.612Z"
"SQLPROD-180","2019-07-01T16:59:02.612Z","SQLPROD-180",production,"2019-07-01T16:59:02.612Z"
"SQLPROD-181","2019-07-01T16:59:02.612Z","SQLPROD-181",production,"2019-07-01T16:59:02.612Z"
"SQLPROD-182","2019-07-01T16:59:02.612Z","SQLPROD-182",production,"2019-07-01T16:59:02.612Z"
"SQLPROD-183","2019-07-01T16:59:02.612Z","SQLPROD-183",production,"2019-07-01T16:59:02.612Z"
"SQLPROD-184","2019-07-01T16:59:02.612Z","SQLPROD-184",production,"2019-07-01T16:59:02.612Z"
"SQLPROD-185","2019-07-01T16:59:02.612Z","SQLPROD-185",production,"2019-07-01T16:59:02.612Z"
"SQLPROD-186","2019-07-01T16:59:02.612Z","SQLPROD-186",production,"2019-07-01T16:59:02.612Z"
"SQLPROD-187","2019-07-01T16:59:02.612Z","SQLPROD-187",production,"2019-07-01T16:59:02.612Z"
"SQLPROD-188","2019-07-01T16:59:02.612Z","SQLPROD-188",production,"2019-07-01T16:59:02.612Z"
"SQLPROD-189","2019-07-01T16:59:02.612Z","SQLPROD-189",production,"2019-07-01T16:59:02.612Z"
"SQLPROD-19","2019-07-01T16:59:02.612Z","SQLPROD-19",production,"2019-07-01T16:59:02.612Z"
"SQLPROD-190","2019-07-01T16:59:02.612Z","SQLPROD-190",production,"2019-07-01T16:59:02.612Z"
"SQLPROD-191","2019-07-01T16:59:02.612Z","SQLPROD-191",production,"2019-07-01T16:59:02.612Z"
"SQLPROD-192","2019-07-01T16:59:02.612Z","SQLPROD-192",production,"2019-07-01T16:59:02.612Z"
"SQLPROD-193","2019-07-01T16:59:02.612Z","SQLPROD-193",production,"2019-07-01T16:59:02.612Z"
"SQLPROD-194","2019-07-01T16:59:02.612Z","SQLPROD-194",production,"2019-07-01T16:59:02.612Z"
"SQLPROD-195","2019-07-01T16:59:02.612Z","SQLPROD-195",production,"2019-07-01T16:59:02.612Z"
"SQLPROD-196","2019-07-01T16:59:02.612Z","SQLPROD-196",production,"2019-07-01T16:59:02.612Z"
"SQLPROD-197","2019-07-01T16:59:02.612Z","SQLPROD-197",production,"2019-07-01T16:59:02.612Z"
"SQLPROD-198","2019-07-01T16:59:02.612Z","SQLPROD-198",production,"2019-07-01T16:59:02.612Z"
"SQLPROD-199","2019-07-01T16:59:02.612Z","SQLPROD-199",production,"2019-07-01T16:59:02.612Z"
"SQLPROD-2","2019-07-01T16:59:02.612Z","SQLPROD-2",integration,"2019-07-01T16:59:02.612Z"
"SQLPROD-20","2019-07-01T16:59:02.612Z","SQLPROD-20",production,"2019-07-01T16:59:02.612Z"
"SQLPROD-200","2019-07-01T16:59:02.612Z","SQLPROD-200",production,"2019-07-01T16:59:02.612Z"
"SQLPROD-201","2019-07-01T16:59:02.612Z","SQLPROD-201",production,"2019-07-01T16:59:02.612Z"
"SQLPROD-202","2019-07-01T16:59:02.612Z","SQLPROD-202",production,"2019-07-01T16:59:02.612Z"
"SQLPROD-203","2019-07-01T16:59:02.612Z","SQLPROD-203",production,"2019-07-01T16:59:02.612Z"
"SQLPROD-204","2019-07-01T16:59:02.612Z","SQLPROD-204",production,"2019-07-01T16:59:02.612Z"
"SQLPROD-205","2019-07-01T16:59:02.612Z","SQLPROD-205",production,"2019-07-01T16:59:02.612Z"
"SQLPROD-206","2019-07-01T16:59:02.612Z","SQLPROD-206",production,"2019-07-01T16:59:02.612Z"
"SQLPROD-207","2019-07-01T16:59:02.612Z","SQLPROD-207",production,"2019-07-01T16:59:02.612Z"
"SQLPROD-208","2019-07-01T16:59:02.612Z","SQLPROD-208",production,"2019-07-01T16:59:02.612Z"
"SQLPROD-209","2019-07-01T16:59:02.612Z","SQLPROD-209",production,"2019-07-01T16:59:02.612Z"
"SQLPROD-21","2019-07-01T16:59:02.612Z","SQLPROD-21",production,"2019-07-01T16:59:02.612Z"
"SQLPROD-210","2019-07-01T16:59:02.612Z","SQLPROD-210",production,"2019-07-01T16:59:02.612Z"
"SQLPROD-211","2019-07-01T16:59:02.612Z","SQLPROD-211",production,"2019-07-01T16:59:02.612Z"
"SQLPROD-212","2019-07-01T16:59:02.612Z","SQLPROD-212",production,"2019-07-01T16:59:02.612Z"
"SQLPROD-213","2019-07-01T16:59:02.612Z","SQLPROD-213",production,"2019-07-01T16:59:02.612Z"
"SQLPROD-214","2019-07-01T16:59:02.612Z","SQLPROD-214",production,"2019-07-01T16:59:02.612Z"
"SQLPROD-215","2019-07-01T16:59:02.612Z","SQLPROD-215",production,"2019-07-01T16:59:02.612Z"
"SQLPROD-216","2019-07-01T16:59:02.612Z","SQLPROD-216",production,"2019-07-01T16:59:02.612Z"
"SQLPROD-217","2019-07-01T16:59:02.612Z","SQLPROD-217",production,"2019-07-01T16:59:02.612Z"
"SQLPROD-218","2019-07-01T16:59:02.612Z","SQLPROD-218",production,"2019-07-01T16:59:02.612Z"
"SQLPROD-219","2019-07-01T16:59:02.612Z","SQLPROD-219",production,"2019-07-01T16:59:02.612Z"
"SQLPROD-22","2019-07-01T16:59:02.612Z","SQLPROD-22",production,"2019-07-01T16:59:02.612Z"
"SQLPROD-220","2019-07-01T16:59:02.612Z","SQLPROD-220",production,"2019-07-01T16:59:02.612Z"
"SQLPROD-221","2019-07-01T16:59:02.612Z","SQLPROD-221",production,"2019-07-01T16:59:02.612Z"
"SQLPROD-222","2019-07-01T16:59:02.612Z","SQLPROD-222",production,"2019-07-01T16:59:02.612Z"
"SQLPROD-223","2019-07-01T16:59:02.612Z","SQLPROD-223",production,"2019-07-01T16:59:02.612Z"
"SQLPROD-224","2019-07-01T16:59:02.612Z","SQLPROD-224",production,"2019-07-01T16:59:02.612Z"
"SQLPROD-225","2019-07-01T16:59:02.612Z","SQLPROD-225",production,"2019-07-01T16:59:02.612Z"
"SQLPROD-226","2019-07-01T16:59:02.612Z","SQLPROD-226",production,"2019-07-01T16:59:02.612Z"
"SQLPROD-227","2019-07-01T16:59:02.612Z","SQLPROD-227",production,"2019-07-01T16:59:02.612Z"
"SQLPROD-228","2019-07-01T16:59:02.612Z","SQLPROD-228",production,"2019-07-01T16:59:02.612Z"
"SQLPROD-229","2019-07-01T16:59:02.612Z","SQLPROD-229",production,"2019-07-01T16:59:02.612Z"
"SQLPROD-23","2019-07-01T16:59:02.612Z","SQLPROD-23",production,"2019-07-01T16:59:02.612Z"
"SQLPROD-230","2019-07-01T16:59:02.612Z","SQLPROD-230",production,"2019-07-01T16:59:02.612Z"
"SQLPROD-231","2019-07-01T16:59:02.612Z","SQLPROD-231",production,"2019-07-01T16:59:02.612Z"
"SQLPROD-232","2019-07-01T16:59:02.612Z","SQLPROD-232",production,"2019-07-01T16:59:02.612Z"
"SQLPROD-233","2019-07-01T16:59:02.612Z","SQLPROD-233",production,"2019-07-01T16:59:02.612Z"
"SQLPROD-234","2019-07-01T16:59:02.612Z","SQLPROD-234",production,"2019-07-01T16:59:02.612Z"
"SQLPROD-235","2019-07-01T16:59:02.612Z","SQLPROD-235",production,"2019-07-01T16:59:02.612Z"
"SQLPROD-236","2019-07-01T16:59:02.612Z","SQLPROD-236",production,"2019-07-01T16:59:02.612Z"
"SQLPROD-237","2019-07-01T16:59:02.612Z","SQLPROD-237",production,"2019-07-01T16:59:02.612Z"
"SQLPROD-238","2019-07-01T16:59:02.612Z","SQLPROD-238",production,"2019-07-01T16:59:02.612Z"
"SQLPROD-239","2019-07-01T16:59:02.612Z","SQLPROD-239",production,"2019-07-01T16:59:02.612Z"
"SQLPROD-24","2019-07-01T16:59:02.612Z","SQLPROD-24",production,"2019-07-01T16:59:02.612Z"
"SQLPROD-240","2019-07-01T16:59:02.612Z","SQLPROD-240",production,"2019-07-01T16:59:02.612Z"
"SQLPROD-25","2019-07-01T16:59:02.612Z","SQLPROD-25",production,"2019-07-01T16:59:02.612Z"
"SQLPROD-26","2019-07-01T16:59:02.612Z","SQLPROD-26",production,"2019-07-01T16:59:02.612Z"
"SQLPROD-27","2019-07-01T16:59:02.612Z","SQLPROD-27",production,"2019-07-01T16:59:02.612Z"
"SQLPROD-28","2019-07-01T16:59:02.612Z","SQLPROD-28",production,"2019-07-01T16:59:02.612Z"
"SQLPROD-29","2019-07-01T16:59:02.612Z","SQLPROD-29",production,"2019-07-01T16:59:02.612Z"
"SQLPROD-3","2019-07-01T16:59:02.612Z","SQLPROD-3",stage,"2019-07-01T16:59:02.612Z"
"SQLPROD-30","2019-07-01T16:59:02.612Z","SQLPROD-30",production,"2019-07-01T16:59:02.612Z"
"SQLPROD-31","2019-07-01T16:59:02.612Z","SQLPROD-31",production,"2019-07-01T16:59:02.612Z"
"SQLPROD-32","2019-07-01T16:59:02.612Z","SQLPROD-32",production,"2019-07-01T16:59:02.612Z"
"SQLPROD-33","2019-07-01T16:59:02.612Z","SQLPROD-33",production,"2019-07-01T16:59:02.612Z"
"SQLPROD-34","2019-07-01T16:59:02.612Z","SQLPROD-34",production,"2019-07-01T16:59:02.612Z"
"SQLPROD-35","2019-07-01T16:59:02.612Z","SQLPROD-35",production,"2019-07-01T16:59:02.612Z"
"SQLPROD-36","2019-07-01T16:59:02.612Z","SQLPROD-36",production,"2019-07-01T16:59:02.612Z"
"SQLPROD-37","2019-07-01T16:59:02.612Z","SQLPROD-37",production,"2019-07-01T16:59:02.612Z"
"SQLPROD-38","2019-07-01T16:59:02.612Z","SQLPROD-38",production,"2019-07-01T16:59:02.612Z"
"SQLPROD-39","2019-07-01T16:59:02.612Z","SQLPROD-39",production,"2019-07-01T16:59:02.612Z"
"SQLPROD-4","2019-07-01T16:59:02.612Z","SQLPROD-4",integration,"2019-07-01T16:59:02.612Z"
"SQLPROD-40","2019-07-01T16:59:02.612Z","SQLPROD-40",production,"2019-07-01T16:59:02.612Z"
"SQLPROD-41","2019-07-01T16:59:02.612Z","SQLPROD-41",production,"2019-07-01T16:59:02.612Z"
"SQLPROD-42","2019-07-01T16:59:02.612Z","SQLPROD-42",production,"2019-07-01T16:59:02.612Z"
"SQLPROD-43","2019-07-01T16:59:02.612Z","SQLPROD-43",production,"2019-07-01T16:59:02.612Z"
"SQLPROD-44","2019-07-01T16:59:02.612Z","SQLPROD-44",production,"2019-07-01T16:59:02.612Z"
"SQLPROD-45","2019-07-01T16:59:02.612Z","SQLPROD-45",production,"2019-07-01T16:59:02.612Z"
"SQLPROD-46","2019-07-01T16:59:02.612Z","SQLPROD-46",production,"2019-07-01T16:59:02.612Z"
"SQLPROD-47","2019-07-01T16:59:02.612Z","SQLPROD-47",production,"2019-07-01T16:59:02.612Z"
"SQLPROD-48","2019-07-01T16:59:02.612Z","SQLPROD-48",production,"2019-07-01T16:59:02.612Z"
"SQLPROD-49","2019-07-01T16:59:02.612Z","SQLPROD-49",production,"2019-07-01T16:59:02.612Z"
"SQLPROD-5","2019-07-01T16:59:02.612Z","SQLPROD-5",test,"2019-07-01T16:59:02.612Z"
"SQLPROD-50","2019-07-01T16:59:02.612Z","SQLPROD-50",production,"2019-07-01T16:59:02.612Z"
"SQLPROD-51","2019-07-01T16:59:02.612Z","SQLPROD-51",production,"2019-07-01T16:59:02.612Z"
"SQLPROD-52","2019-07-01T16:59:02.612Z","SQLPROD-52",production,"2019-07-01T16:59:02.612Z"
"SQLPROD-53","2019-07-01T16:59:02.612Z","SQLPROD-53",production,"2019-07-01T16:59:02.612Z"
"SQLPROD-54","2019-07-01T16:59:02.612Z","SQLPROD-54",production,"2019-07-01T16:59:02.612Z"
"SQLPROD-55","2019-07-01T16:59:02.612Z","SQLPROD-55",production,"2019-07-01T16:59:02.612Z"
"SQLPROD-56","2019-07-01T16:59:02.612Z","SQLPROD-56",production,"2019-07-01T16:59:02.612Z"
"SQLPROD-57","2019-07-01T16:59:02.612Z","SQLPROD-57",production,"2019-07-01T16:59:02.612Z"
"SQLPROD-58","2019-07-01T16:59:02.612Z","SQLPROD-58",production,"2019-07-01T16:59:02.612Z"
"SQLPROD-59","2019-07-01T16:59:02.612Z","SQLPROD-59",production,"2019-07-01T16:59:02.612Z"
"SQLPROD-6","2019-07-01T16:59:02.612Z","SQLPROD-6",production,"2019-07-01T16:59:02.612Z"
"SQLPROD-60","2019-07-01T16:59:02.612Z","SQLPROD-60",production,"2019-07-01T16:59:02.612Z"
"SQLPROD-61","2019-07-01T16:59:02.612Z","SQLPROD-61",production,"2019-07-01T16:59:02.612Z"
"SQLPROD-62","2019-07-01T16:59:02.612Z","SQLPROD-62",production,"2019-07-01T16:59:02.612Z"
"SQLPROD-63","2019-07-01T16:59:02.612Z","SQLPROD-63",production,"2019-07-01T16:59:02.612Z"
"SQLPROD-64","2019-07-01T16:59:02.612Z","SQLPROD-64",production,"2019-07-01T16:59:02.612Z"
"SQLPROD-65","2019-07-01T16:59:02.612Z","SQLPROD-65",production,"2019-07-01T16:59:02.612Z"
"SQLPROD-66","2019-07-01T16:59:02.612Z","SQLPROD-66",production,"2019-07-01T16:59:02.612Z"
"SQLPROD-67","2019-07-01T16:59:02.612Z","SQLPROD-67",production,"2019-07-01T16:59:02.612Z"
"SQLPROD-68","2019-07-01T16:59:02.612Z","SQLPROD-68",production,"2019-07-01T16:59:02.612Z"
"SQLPROD-69","2019-07-01T16:59:02.612Z","SQLPROD-69",production,"2019-07-01T16:59:02.612Z"
"SQLPROD-7","2019-07-01T16:59:02.612Z","SQLPROD-7",production,"2019-07-01T16:59:02.612Z"
"SQLPROD-70","2019-07-01T16:59:02.612Z","SQLPROD-70",production,"2019-07-01T16:59:02.612Z"
"SQLPROD-71","2019-07-01T16:59:02.612Z","SQLPROD-71",production,"2019-07-01T16:59:02.612Z"
"SQLPROD-72","2019-07-01T16:59:02.612Z","SQLPROD-72",production,"2019-07-01T16:59:02.612Z"
"SQLPROD-73","2019-07-01T16:59:02.612Z","SQLPROD-73",production,"2019-07-01T16:59:02.612Z"
"SQLPROD-74","2019-07-01T16:59:02.612Z","SQLPROD-74",production,"2019-07-01T16:59:02.612Z"
"SQLPROD-75","2019-07-01T16:59:02.612Z","SQLPROD-75",production,"2019-07-01T16:59:02.612Z"
"SQLPROD-76","2019-07-01T16:59:02.612Z","SQLPROD-76",production,"2019-07-01T16:59:02.612Z"
"SQLPROD-77","2019-07-01T16:59:02.612Z","SQLPROD-77",production,"2019-07-01T16:59:02.612Z"
"SQLPROD-78","2019-07-01T16:59:02.612Z","SQLPROD-78",production,"2019-07-01T16:59:02.612Z"
"SQLPROD-79","2019-07-01T16:59:02.612Z","SQLPROD-79",production,"2019-07-01T16:59:02.612Z"
"SQLPROD-8","2019-07-01T16:59:02.612Z","SQLPROD-8",test,"2019-07-01T16:59:02.612Z"
"SQLPROD-80","2019-07-01T16:59:02.612Z","SQLPROD-80",production,"2019-07-01T16:59:02.612Z"
"SQLPROD-81","2019-07-01T16:59:02.612Z","SQLPROD-81",production,"2019-07-01T16:59:02.612Z"
"SQLPROD-82","2019-07-01T16:59:02.612Z","SQLPROD-82",production,"2019-07-01T16:59:02.612Z"
"SQLPROD-83","2019-07-01T16:59:02.612Z","SQLPROD-83",production,"2019-07-01T16:59:02.612Z"
"SQLPROD-84","2019-07-01T16:59:02.612Z","SQLPROD-84",production,"2019-07-01T16:59:02.612Z"
"SQLPROD-85","2019-07-01T16:59:02.612Z","SQLPROD-85",production,"2019-07-01T16:59:02.612Z"
"SQLPROD-86","2019-07-01T16:59:02.612Z","SQLPROD-86",production,"2019-07-01T16:59:02.612Z"
"SQLPROD-87","2019-07-01T16:59:02.612Z","SQLPROD-87",production,"2019-07-01T16:59:02.612Z"
"SQLPROD-88","2019-07-01T16:59:02.612Z","SQLPROD-88",production,"2019-07-01T16:59:02.612Z"
"SQLPROD-89","2019-07-01T16:59:02.612Z","SQLPROD-89",production,"2019-07-01T16:59:02.612Z"
"SQLPROD-9","2019-07-01T16:59:02.612Z","SQLPROD-9",production,"2019-07-01T16:59:02.612Z"
"SQLPROD-90","2019-07-01T16:59:02.612Z","SQLPROD-90",production,"2019-07-01T16:59:02.612Z"
"SQLPROD-91","2019-07-01T16:59:02.612Z","SQLPROD-91",production,"2019-07-01T16:59:02.612Z"
"SQLPROD-92","2019-07-01T16:59:02.612Z","SQLPROD-92",production,"2019-07-01T16:59:02.612Z"
"SQLPROD-93","2019-07-01T16:59:02.612Z","SQLPROD-93",production,"2019-07-01T16:59:02.612Z"
"SQLPROD-94","2019-07-01T16:59:02.612Z","SQLPROD-94",production,"2019-07-01T16:59:02.612Z"
"SQLPROD-95","2019-07-01T16:59:02.612Z","SQLPROD-95",production,"2019-07-01T16:59:02.612Z"
"SQLPROD-96","2019-07-01T16:59:02.612Z","SQLPROD-96",production,"2019-07-01T16:59:02.612Z"
"SQLPROD-97","2019-07-01T16:59:02.612Z","SQLPROD-97",production,"2019-07-01T16:59:02.612Z"
"SQLPROD-98","2019-07-01T16:59:02.612Z","SQLPROD-98",production,"2019-07-01T16:59:02.612Z"
"SQLPROD-99","2019-07-01T16:59:02.612Z","SQLPROD-99",production,"2019-07-01T16:59:02.612Z"
